<assembly>
    <id>bin</id>
    <formats>
        <format>tar</format>
    </formats>
    <dependencySets>
        <dependencySet>
            <useProjectArtifact>true</useProjectArtifact>
            <outputDirectory>lib</outputDirectory>
            <includes>
                <include>*:jar:*</include>
            </includes>
            <excludes>
                <exclude>*:sources</exclude>
                <exclude>*:xinwei-wrapper-plugin-example:jar:*</exclude>
            </excludes>
        </dependencySet>
    </dependencySets>
    <fileSets>
        <fileSet>
            <directory>${project.build.directory}/xinwei-wrapper-plugin-example-1.0/wrapper/bin</directory>
            <outputDirectory>/bin</outputDirectory>
            <fileMode>755</fileMode>
        </fileSet>
        <fileSet>
            <directory>${project.build.directory}/xinwei-wrapper-plugin-example-1.0/wrapper/lib</directory>
            <outputDirectory>/lib</outputDirectory>
        </fileSet>
        <fileSet>
            <directory>${project.build.directory}/xinwei-wrapper-plugin-example-1.0/wrapper/conf</directory>
            <outputDirectory>/conf</outputDirectory>
        </fileSet>
        <fileSet>
            <directory>${project.build.directory}/xinwei-wrapper-plugin-example-1.0/wrapper/logs</directory>
            <outputDirectory>/logs</outputDirectory>
        </fileSet>
    </fileSets>
</assembly>